Year / Era,Main Title (Cleaned),Battle / Event,Views,Hook / Short Title,Thumbnail Description,Publish Date
1457 AD,The Most Brutal Attack in Europe,Unknown (1457),430,"8,000 Knights Destroyed 40,000 Muslims","Knights fighting in snow, medieval combat","Dec 14, 2025"
Roman Era,Julius Caesar’s Deadliest Day,Battle of Munda,1300,"Caesar Crushed 70,000 in One Day",Caesar in red cloak with Roman legions,"Dec 11, 2025"
1192 AD,Richard the Lionheart’s Brutal Victory,Third Crusade,3900,"He Crushed 20,000 in One Day",Richard in armor with crusader armies,"Dec 9, 2025"
1475 AD,The Battle That Changed Europe Forever,Unknown (1475),10000,"20,000 Destroyed the Muslim Invasion",Knight on horseback with Templar imagery,"Dec 8, 2025"
Ancient Greece,Spartan Revenge Against Persia,Battle of Plataea,3200,"10,000 Spartans Destroyed 100,000 Persians",Spartan warrior vs Persian army,"Dec 7, 2025"
Crusades,King Baldwin’s One-Day Victory,Crusader Battle,1500,"He Destroyed 35,000 Muslims in One Day",King Baldwin IV with crusader armies,"Dec 7, 2025"
1450 AD,The Fog Ambush of Krujë,Siege of Krujë,4200,"4,000 Albanians Destroyed 100,000 Ottomans",Albanian warriors in snowy mountains,"Dec 6, 2025"
Crusades,Richard the Lionheart’s 17-Minute Charge,Battle vs Saladin,58000,"He Destroyed 30,000 in 17 Minutes",Cavalry charge led by Richard,"Dec 5, 2025"
Crusades,The Charge That Saved Europe,Crusader–Ottoman Battle,5800,"500 Crusaders Crushed 40,000 Ottomans",Knights charging on desert battlefield,"Dec 4, 2025"
Crusades,The Battle That Saved Jerusalem,Crusader Defense,7800,"1,200 Knights Destroyed 20,000 Muslims",Templar knights in Jerusalem,"Dec 3, 2025"
1683 AD,Europe’s Most Brutal Ambush,Battle of Vienna (Context),20000,"18,000 Destroyed the Muslim Invasion",Massive knight and army clash,"Dec 1, 2025"
Roman Era,Caesar’s Outnumbered Victory,Battle of Ruspina,33000,"Caesar Destroyed 16,000 in One Day",Roman legions in desert setting,"Nov 30, 2025"
Crusades,The Battle That Saved Europe,Crusader Battle,686000,"500 Knights Destroyed 26,000 Muslims",Crusader knights with banners,"Nov 30, 2025"